{
  "time": "2019-12-30 07:00:00",
  "wavelength": 410e-9,
  "telLocs": [[135.48, -8.61, 12.23],[44.1, -47.7, 4.4],[29.4, 60.1, 9.8],[-35.9, 11.3, 7.0]],
  "integrationTime":"0h30m0s",
  "steps": 600,
  "telLat": 31.6749557,
  "telLong": -110.9507624,
  "telElv": 1268,
  "bootStrapRuns": 400,
  "skipScript": true
}
